zone,dist_km,courier_fee
5 km,8.07,120
5 km,4.61,120
5 km,3.84,120
5 km,1.42,120
5 km,7.29,120
5 km,6.5,120
5 km,5.01,120
5 km,2.98,120
5 km,3.2,120
5 km,3.69,120
5 km,6.63,120
5 km,4.94,120
5 km,8.22,120
5 km,4.3,120
5 km,7.29,120
5 km,3.74,120
5 km,3.99,120
5 km,2.01,120
5 km,4.99,120
5 km,4.58,120
5 km,1.88,120
5 km,13.39,180
5 km,3.31,120
5 km,1.25,120
5 km,7.25,120
5 km,5.91,120
5 km,5.01,120
5 km,7.22,120
5 km,1.24,120
5 km,5.01,120
5 km,1.65,120
5 km,4.28,120
5 km,6.5,120
5 km,1.26,120
5 km,8.22,120
5 km,4.49,120
5 km,8.07,120
5 km,4.98,120
5 km,3.9,120
5 km,1.49,120
5 km,4.01,120
5 km,4.88,120
5 km,4.94,120
5 km,3.83,120
5 km,3.69,120
5 km,4.0,120
5 km,3.91,120
5 km,2.89,120
5 km,10.43,180
5 km,3.2,120
5 km,3.03,120
5 km,5.25,120
5 km,0.93,120
5 km,4.35,120
5 km,3.9,120
5 km,4.61,120
5 km,3.75,120
5 km,6.3,120
5 km,2.29,120
5 km,4.61,120
5 km,2.66,120
5 km,2.83,120
5 km,1.9,120
5 km,4.61,120
5 km,2.63,120
5 km,2.1,120
5 km,0.93,120
5 km,7.28,120
5 km,3.97,120
5 km,1.88,120
5 km,1.28,120
5 km,6.93,120
5 km,2.28,120
5 km,4.61,120
5 km,3.84,120
5 km,2.07,120
5 km,5.91,120
5 km,2.55,120
5 km,3.82,120
5 km,2.45,120
5 km,4.61,120
5 km,3.84,120
5 km,4.94,120
5 km,4.52,120
5 km,2.66,120
5 km,4.56,120
5 km,2.36,120
5 km,5.96,120
5 km,1.09,120
5 km,1.88,120
5 km,3.98,120
5 km,6.81,120
5 km,1.69,120
5 km,3.97,120
5 km,2.33,120
5 km,8.67,120
5 km,5.96,120
5 km,6.09,120
5 km,2.42,120
5 km,3.23,120
5 km,6.8,120
5 km,2.92,120
5 km,2.59,120
5 km,4.05,120
5 km,3.59,120
5 km,4.27,120
5 km,2.4,120
5 km,3.9,120
5 km,1.88,120
5 km,5.69,120
5 km,1.44,120
5 km,4.49,120
5 km,4.61,120
5 km,4.61,120
5 km,2.21,120
5 km,6.3,120
5 km,1.81,120
5 km,2.49,120
5 km,3.9,120
5 km,1.65,120
5 km,7.29,120
5 km,5.01,120
5 km,7.67,120
5 km,5.13,120
5 km,0.91,120
5 km,2.4,120
5 km,4.19,120
5 km,6.44,120
5 km,8.18,120
5 km,6.53,120
5 km,5.85,120
5 km,2.16,120
5 km,6.29,120
5 km,4.61,120
5 km,2.24,120
5 km,4.58,120
5 km,1.99,120
5 km,2.74,120
5 km,3.33,120
5 km,2.83,120
5 km,2.67,120
5 km,2.93,120
5 km,4.1,120
5 km,1.73,120
5 km,5.25,120
5 km,1.81,120
5 km,5.09,120
5 km,4.61,120
5 km,3.69,120
5 km,0.86,120
5 km,6.93,120
5 km,5.25,120
5 km,1.78,120
5 km,3.4,120
5 km,4.68,120
5 km,3.23,120
5 km,4.61,120
5 km,6.99,120
5 km,7.0,120
5 km,5.77,120
5 km,7.13,120
5 km,3.46,120
5 km,1.49,120
5 km,2.49,120
5 km,3.98,120
5 km,5.01,120
5 km,3.1,120
5 km,6.79,120
5 km,1.88,120
5 km,6.63,120
5 km,6.29,120
5 km,3.45,120
5 km,7.27,120
5 km,6.12,120
5 km,4.06,120
5 km,4.02,120
5 km,1.65,120
5 km,4.56,120
5 km,4.15,120
5 km,7.0,120
5 km,4.19,120
5 km,6.5,120
5 km,5.61,120
5 km,1.12,120
5 km,8.07,120
5 km,2.85,120
5 km,7.29,120
5 km,3.74,120
5 km,2.45,120
5 km,2.41,120
5 km,2.21,120
5 km,2.16,120
5 km,1.0,120
5 km,2.56,120
5 km,3.69,120
5 km,4.31,120
5 km,1.99,120
5 km,5.25,120
5 km,6.1,120
5 km,7.0,120
5 km,3.39,120
5 km,3.11,120
5 km,1.81,120
5 km,4.06,120
5 km,4.02,120
5 km,3.05,120
5 km,3.76,120
5 km,3.69,120
5 km,1.88,120
5 km,5.01,120
5 km,1.98,120
5 km,7.29,120
5 km,8.07,120
5 km,5.07,120
5 km,6.5,120
5 km,5.07,120
5 km,1.42,120
5 km,3.65,120
5 km,7.29,120
5 km,2.51,120
5 km,1.72,120
5 km,6.5,120
5 km,2.59,120
5 km,2.85,120
5 km,6.64,120
5 km,3.98,120
5 km,3.77,120
5 km,2.78,120
5 km,5.61,120
5 km,2.11,120
5 km,7.29,120
5 km,7.0,120
5 km,5.96,120
5 km,3.45,120
5 km,7.0,120
5 km,4.52,120
5 km,3.69,120
5 km,6.5,120
5 km,0.93,120
5 km,4.99,120
5 km,8.15,120
5 km,3.08,120
5 km,6.5,120
5 km,3.43,120
5 km,5.01,120
5 km,6.67,120
5 km,8.67,120
5 km,8.06,120
5 km,3.98,120
5 km,5.51,120
5 km,6.89,120
5 km,7.0,120
5 km,5.77,120
5 km,1.14,120
5 km,3.9,120
5 km,3.48,120
5 km,3.31,120
5 km,6.8,120
5 km,5.01,120
5 km,8.12,120
5 km,3.37,120
5 km,3.83,120
5 km,7.29,120
5 km,1.89,120
5 km,7.28,120
5 km,4.56,120
5 km,7.92,120
5 km,4.49,120
5 km,6.4,120
5 km,8.07,120
5 km,1.85,120
5 km,1.64,120
5 km,2.16,120
5 km,1.04,120
5 km,2.44,120
5 km,3.84,120
5 km,6.8,120
5 km,5.07,120
5 km,4.1,120
5 km,4.41,120
5 km,7.0,120
5 km,3.4,120
5 km,6.47,120
5 km,6.5,120
5 km,2.22,120
5 km,5.61,120
5 km,7.93,120
5 km,2.56,120
5 km,1.4,120
5 km,5.01,120
5 km,3.43,120
5 km,7.86,120
5 km,4.61,120
5 km,7.25,120
5 km,2.13,120
5 km,2.74,120
5 km,1.9,120
5 km,2.24,120
5 km,4.61,120
5 km,2.65,120
5 km,4.15,120
5 km,5.01,120
5 km,7.29,120
5 km,2.75,120
5 km,6.29,120
5 km,8.18,120
5 km,4.61,120
5 km,9.0,120
5 km,2.5,120
5 km,4.28,120
5 km,3.82,120
5 km,6.5,120
5 km,3.83,120
5 km,6.47,120
5 km,6.5,120
5 km,6.5,120
5 km,3.88,120
5 km,2.82,120
5 km,6.5,120
5 km,2.47,120
5 km,7.41,120
5 km,6.93,120
5 km,1.99,120
5 km,2.7,120
5 km,7.92,120
5 km,3.69,120
5 km,2.67,120
5 km,3.98,120
5 km,4.58,120
5 km,5.32,120
5 km,1.04,120
5 km,3.36,120
5 km,2.41,120
5 km,3.22,120
5 km,2.93,120
5 km,1.86,120
5 km,4.08,120
5 km,3.17,120
5 km,4.09,120
5 km,3.98,120
5 km,3.57,120
5 km,4.02,120
5 km,3.72,120
5 km,2.11,120
5 km,3.43,120
5 km,3.0,120
5 km,3.97,120
5 km,3.88,120
5 km,4.29,120
5 km,2.55,120
5 km,8.07,120
5 km,3.34,120
5 km,2.19,120
5 km,3.34,120
5 km,7.92,120
5 km,7.54,120
5 km,7.0,120
5 km,4.01,120
5 km,5.38,120
5 km,0.98,120
5 km,7.29,120
5 km,2.83,120
5 km,3.64,120
5 km,8.07,120
5 km,3.51,120
5 km,4.28,120
5 km,3.78,120
5 km,6.5,120
5 km,6.89,120
5 km,10.43,180
5 km,1.84,120
5 km,3.72,120
5 km,4.28,120
5 km,4.3,120
5 km,4.61,120
5 km,4.0,120
5 km,7.19,120
5 km,7.22,120
5 km,2.43,120
5 km,4.29,120
5 km,3.83,120
5 km,3.33,120
5 km,4.28,120
5 km,6.89,120
5 km,3.69,120
5 km,8.04,120
5 km,4.18,120
5 km,2.89,120
5 km,6.79,120
5 km,13.39,180
5 km,4.98,120
5 km,1.67,120
5 km,0.66,120
5 km,7.29,120
5 km,2.13,120
5 km,1.21,120
5 km,1.4,120
5 km,3.45,120
5 km,7.05,120
5 km,3.69,120
10 km,5.4,120
10 km,7.42,120
10 km,3.83,120
10 km,7.65,120
10 km,11.89,180
10 km,5.1,120
10 km,12.23,180
10 km,3.64,120
10 km,9.77,120
10 km,4.06,120
10 km,4.32,120
10 km,8.71,120
10 km,11.71,180
10 km,8.99,120
10 km,5.86,120
10 km,6.59,120
10 km,11.97,180
10 km,8.97,120
10 km,3.34,120
10 km,6.27,120
10 km,6.9,120
10 km,8.97,120
10 km,6.5,120
10 km,3.47,120
10 km,6.99,120
10 km,11.38,180
10 km,6.25,120
10 km,6.64,120
10 km,5.93,120
10 km,6.13,120
10 km,2.33,120
10 km,10.72,180
10 km,7.54,120
10 km,7.99,120
10 km,7.09,120
10 km,6.66,120
10 km,4.18,120
10 km,11.14,180
10 km,10.36,180
10 km,3.07,120
10 km,7.06,120
10 km,4.47,120
10 km,10.12,180
10 km,8.22,120
10 km,8.55,120
10 km,3.94,120
10 km,11.16,180
10 km,4.09,120
10 km,5.45,120
10 km,10.51,180
10 km,4.94,120
10 km,2.98,120
10 km,2.41,120
10 km,9.5,120
10 km,9.04,120
10 km,9.17,120
10 km,11.14,180
10 km,2.85,120
10 km,10.72,180
10 km,10.41,180
10 km,13.07,180
10 km,1.8,120
10 km,3.07,120
10 km,5.77,120
10 km,6.63,120
10 km,9.06,120
10 km,10.86,180
10 km,9.16,120
10 km,9.39,120
10 km,4.06,120
10 km,4.42,120
10 km,10.36,180
10 km,2.23,120
10 km,8.22,120
10 km,9.67,120
10 km,7.28,120
10 km,3.64,120
10 km,3.08,120
10 km,5.57,120
10 km,4.1,120
10 km,4.69,120
10 km,7.94,120
10 km,4.6,120
10 km,6.97,120
10 km,4.1,120
10 km,9.64,120
10 km,11.47,180
10 km,2.98,120
10 km,6.8,120
10 km,7.0,120
10 km,9.84,120
10 km,10.7,180
10 km,8.01,120
10 km,10.16,180
10 km,5.38,120
10 km,1.25,120
10 km,5.93,120
10 km,6.22,120
10 km,9.09,120
10 km,2.69,120
10 km,7.0,120
10 km,5.94,120
10 km,6.8,120
10 km,7.92,120
10 km,7.19,120
10 km,6.74,120
10 km,8.25,120
10 km,5.01,120
10 km,6.53,120
10 km,9.26,120
10 km,6.52,120
10 km,10.2,180
10 km,11.07,180
10 km,4.88,120
10 km,10.2,180
10 km,7.56,120
10 km,2.28,120
10 km,4.0,120
10 km,11.59,180
10 km,12.39,180
10 km,6.15,120
10 km,9.94,120
10 km,8.49,120
10 km,3.11,120
10 km,5.05,120
10 km,1.81,120
10 km,6.18,120
10 km,4.92,120
10 km,8.96,120
10 km,5.52,120
10 km,8.08,120
10 km,2.98,120
10 km,6.8,120
10 km,2.98,120
10 km,1.09,120
10 km,13.07,180
10 km,10.95,180
10 km,4.49,120
10 km,3.81,120
10 km,7.0,120
10 km,8.69,120
10 km,7.13,120
10 km,6.44,120
10 km,11.06,180
10 km,7.56,120
10 km,3.4,120
10 km,6.91,120
10 km,5.83,120
10 km,6.08,120
10 km,11.55,180
10 km,7.42,120
10 km,7.59,120
10 km,6.2,120
10 km,8.14,120
10 km,6.5,120
10 km,9.2,120
10 km,2.11,120
10 km,9.06,120
10 km,10.88,180
10 km,6.62,120
10 km,8.92,120
10 km,7.77,120
10 km,8.0,120
10 km,6.8,120
10 km,4.41,120
10 km,10.72,180
10 km,5.94,120
10 km,7.08,120
10 km,2.35,120
10 km,7.42,120
10 km,6.5,120
10 km,9.76,120
10 km,7.41,120
10 km,7.99,120
10 km,2.85,120
10 km,6.74,120
10 km,3.0,120
10 km,8.21,120
10 km,4.28,120
10 km,9.13,120
10 km,12.39,180
10 km,6.47,120
10 km,6.91,120
10 km,5.93,120
10 km,3.62,120
10 km,5.91,120
10 km,5.03,120
10 km,7.51,120
10 km,5.84,120
10 km,11.59,180
10 km,7.39,120
10 km,5.93,120
10 km,10.16,180
10 km,9.5,120
10 km,8.99,120
10 km,9.26,120
10 km,5.63,120
10 km,1.4,120
10 km,2.67,120
10 km,6.77,120
10 km,10.36,180
10 km,4.54,120
10 km,5.77,120
10 km,11.59,180
10 km,11.07,180
10 km,6.63,120
10 km,5.05,120
10 km,10.21,180
10 km,5.24,120
10 km,6.77,120
10 km,9.52,120
10 km,5.42,120
10 km,3.94,120
10 km,7.0,120
10 km,11.32,180
10 km,4.78,120
10 km,5.52,120
10 km,1.01,120
10 km,4.73,120
10 km,5.91,120
10 km,4.41,120
10 km,9.76,120
10 km,4.27,120
10 km,11.07,180
10 km,1.81,120
10 km,5.26,120
10 km,8.75,120
10 km,6.8,120
10 km,6.4,120
10 km,5.11,120
10 km,8.41,120
10 km,9.59,120
10 km,4.65,120
10 km,11.67,180
10 km,7.29,120
10 km,7.84,120
10 km,10.7,180
10 km,8.28,120
10 km,9.76,120
10 km,4.65,120
10 km,3.48,120
10 km,7.73,120
10 km,11.31,180
10 km,6.29,120
10 km,3.97,120
10 km,9.03,120
10 km,7.77,120
10 km,3.98,120
10 km,4.32,120
10 km,5.41,120
10 km,8.64,120
10 km,5.33,120
10 km,11.35,180
10 km,3.79,120
10 km,5.56,120
10 km,9.03,120
10 km,5.5,120
10 km,8.07,120
10 km,6.71,120
10 km,10.83,180
10 km,4.98,120
10 km,6.34,120
10 km,8.01,120
10 km,11.73,180
10 km,9.64,120
10 km,10.2,180
10 km,3.84,120
10 km,8.69,120
10 km,5.13,120
10 km,8.07,120
10 km,11.7,180
10 km,13.44,180
10 km,7.29,120
10 km,4.28,120
10 km,5.61,120
10 km,5.52,120
10 km,5.03,120
10 km,1.01,120
10 km,9.01,120
10 km,1.4,120
10 km,5.86,120
10 km,4.64,120
10 km,6.0,120
10 km,11.32,180
10 km,3.87,120
10 km,9.47,120
10 km,3.72,120
10 km,6.91,120
10 km,8.49,120
10 km,7.0,120
10 km,9.84,120
10 km,3.29,120
10 km,6.92,120
10 km,7.94,120
10 km,7.1,120
10 km,6.3,120
10 km,8.8,120
10 km,6.74,120
10 km,7.39,120
10 km,6.4,120
10 km,4.94,120
10 km,8.55,120
10 km,10.83,180
10 km,4.88,120
10 km,6.5,120
10 km,5.13,120
10 km,6.27,120
10 km,11.31,180
10 km,7.13,120
10 km,6.99,120
10 km,4.56,120
10 km,10.16,180
10 km,8.49,120
10 km,2.49,120
10 km,7.61,120
10 km,6.63,120
10 km,8.15,120
10 km,11.46,180
10 km,9.7,120
10 km,5.01,120
10 km,2.4,120
10 km,6.63,120
10 km,10.18,180
10 km,6.77,120
10 km,6.86,120
10 km,6.3,120
10 km,7.0,120
10 km,8.01,120
10 km,4.53,120
10 km,11.15,180
10 km,5.01,120
10 km,8.96,120
10 km,6.5,120
10 km,6.08,120
10 km,8.58,120
10 km,6.31,120
10 km,11.31,180
10 km,1.17,120
10 km,6.67,120
10 km,4.58,120
10 km,6.02,120
10 km,7.73,120
10 km,2.98,120
10 km,3.39,120
10 km,7.51,120
10 km,3.46,120
10 km,9.06,120
10 km,4.72,120
10 km,5.25,120
10 km,2.51,120
10 km,12.39,180
10 km,9.84,120
10 km,11.31,180
10 km,8.55,120
10 km,3.46,120
10 km,6.01,120
10 km,9.98,120
10 km,8.52,120
10 km,6.22,120
10 km,9.24,120
10 km,4.61,120
10 km,6.08,120
10 km,8.62,120
10 km,3.27,120
10 km,4.86,120
10 km,11.83,180
10 km,10.36,180
10 km,10.2,180
10 km,7.25,120
10 km,3.42,120
10 km,3.2,120
10 km,9.2,120
10 km,3.69,120
10 km,11.71,180
10 km,10.43,180
10 km,5.01,120
10 km,4.88,120
10 km,7.27,120
10 km,4.46,120
10 km,5.91,120
10 km,6.66,120
10 km,7.19,120
10 km,11.93,180
10 km,7.15,120
10 km,5.26,120
10 km,6.71,120
10 km,7.07,120
10 km,10.72,180
10 km,10.23,180
10 km,11.54,180
10 km,6.93,120
10 km,4.73,120
10 km,4.64,120
10 km,9.06,120
10 km,3.17,120
10 km,3.37,120
10 km,4.42,120
10 km,5.25,120
10 km,4.65,120
10 km,8.7,120
15 km,9.76,120
15 km,8.23,120
15 km,13.6,180
15 km,9.85,120
15 km,7.73,120
15 km,5.35,120
15 km,6.4,120
15 km,8.49,120
15 km,14.12,180
15 km,8.33,120
15 km,11.14,180
15 km,15.44,180
15 km,7.39,120
15 km,13.56,180
15 km,12.75,180
15 km,6.77,120
15 km,7.15,120
15 km,6.04,120
15 km,4.61,120
15 km,16.83,180
15 km,2.12,120
15 km,8.97,120
15 km,8.25,120
15 km,2.3,120
15 km,14.15,180
15 km,13.27,180
15 km,14.41,180
15 km,17.49,180
15 km,7.48,120
15 km,16.43,180
15 km,6.13,120
15 km,7.0,120
15 km,6.03,120
15 km,6.08,120
15 km,8.66,120
15 km,10.0,120
15 km,14.88,180
15 km,11.57,180
15 km,13.07,180
15 km,10.25,180
15 km,14.39,180
15 km,6.82,120
15 km,2.55,120
15 km,6.77,120
15 km,12.71,180
15 km,7.88,120
15 km,16.0,180
15 km,5.53,120
15 km,5.52,120
15 km,12.02,180
15 km,10.0,120
15 km,8.22,120
15 km,3.63,120
15 km,13.17,180
15 km,6.96,120
15 km,12.0,180
15 km,14.39,180
15 km,14.79,180
15 km,13.52,180
15 km,12.09,180
15 km,13.11,180
15 km,3.24,120
15 km,10.85,180
15 km,16.66,180
15 km,8.62,120
15 km,13.95,180
15 km,8.27,120
15 km,9.28,120
15 km,16.6,180
15 km,14.26,180
15 km,7.97,120
15 km,7.67,120
15 km,13.54,180
15 km,14.38,180
15 km,6.31,120
15 km,13.65,180
15 km,17.9,180
15 km,7.8,120
15 km,11.73,180
15 km,9.06,120
15 km,14.79,180
15 km,13.32,180
15 km,11.69,180
15 km,3.69,120
15 km,13.13,180
15 km,9.52,120
15 km,7.75,120
15 km,8.9,120
15 km,7.94,120
15 km,6.26,120
15 km,4.61,120
15 km,5.01,120
15 km,18.13,180
15 km,11.4,180
15 km,7.26,120
15 km,13.56,180
15 km,10.87,180
15 km,12.04,180
15 km,16.28,180
15 km,14.79,180
15 km,11.86,180
15 km,16.25,180
15 km,9.13,120
15 km,15.55,180
15 km,10.59,180
15 km,15.23,180
15 km,13.02,180
15 km,9.39,120
15 km,11.57,180
15 km,11.73,180
15 km,12.01,180
15 km,14.53,180
15 km,14.12,180
15 km,5.77,120
15 km,11.74,180
15 km,10.63,180
15 km,13.45,180
15 km,4.08,120
15 km,5.62,120
15 km,7.39,120
15 km,5.77,120
15 km,12.2,180
15 km,14.39,180
15 km,9.15,120
15 km,4.64,120
15 km,10.43,180
15 km,3.75,120
15 km,16.11,180
15 km,8.92,120
15 km,8.67,120
15 km,8.43,120
15 km,8.94,120
15 km,12.62,180
15 km,3.18,120
15 km,6.82,120
15 km,6.27,120
15 km,3.25,120
15 km,9.5,120
15 km,9.8,120
15 km,9.34,120
15 km,14.18,180
15 km,7.77,120
15 km,13.09,180
15 km,11.83,180
15 km,11.69,180
15 km,15.44,180
15 km,9.14,120
15 km,14.22,180
15 km,13.77,180
15 km,10.51,180
15 km,18.06,180
15 km,11.18,180
15 km,7.28,120
15 km,11.29,180
15 km,10.0,120
15 km,12.53,180
15 km,11.04,180
15 km,12.23,180
15 km,14.69,180
15 km,12.53,180
15 km,6.62,120
15 km,9.67,120
15 km,14.58,180
15 km,12.67,180
15 km,6.02,120
15 km,8.19,120
15 km,9.15,120
15 km,14.58,180
15 km,0.57,120
15 km,7.6,120
15 km,13.67,180
15 km,4.65,120
15 km,13.19,180
15 km,6.54,120
15 km,15.57,180
15 km,0.82,120
15 km,5.46,120
15 km,16.12,180
15 km,1.81,120
15 km,9.88,120
15 km,2.69,120
15 km,11.14,180
15 km,12.48,180
15 km,15.31,180
15 km,1.32,120
15 km,7.84,120
15 km,10.11,180
15 km,6.09,120
15 km,9.36,120
15 km,8.69,120
15 km,6.77,120
15 km,5.93,120
15 km,10.2,180
15 km,10.58,180
15 km,11.12,180
15 km,11.07,180
15 km,15.83,180
15 km,13.32,180
15 km,10.87,180
15 km,2.5,120
15 km,12.71,180
15 km,6.71,120
15 km,5.41,120
15 km,17.05,180
15 km,5.26,120
15 km,13.62,180
15 km,5.02,120
15 km,17.12,180
15 km,13.8,180
15 km,12.83,180
15 km,4.98,120
15 km,6.71,120
15 km,7.28,120
15 km,6.02,120
15 km,5.53,120
15 km,2.5,120
15 km,3.98,120
15 km,8.97,120
15 km,9.86,120
15 km,6.9,120
15 km,9.95,120
15 km,4.65,120
15 km,7.67,120
15 km,4.82,120
15 km,9.72,120
15 km,7.97,120
15 km,12.85,180
15 km,5.9,120
15 km,10.95,180
15 km,6.63,120
15 km,15.87,180
15 km,16.12,180
15 km,4.02,120
15 km,11.79,180
15 km,5.13,120
15 km,2.11,120
15 km,4.97,120
15 km,4.41,120
15 km,17.06,180
15 km,10.95,180
15 km,18.45,180
15 km,13.99,180
15 km,9.06,120
15 km,9.39,120
15 km,14.68,180
15 km,8.93,120
15 km,10.7,180
15 km,7.39,120
15 km,11.43,180
15 km,16.74,180
15 km,13.82,180
15 km,11.75,180
15 km,5.93,120
15 km,10.96,180
15 km,10.37,180
15 km,9.68,120
15 km,13.64,180
15 km,12.39,180
15 km,10.04,180
15 km,15.04,180
15 km,17.08,180
15 km,13.83,180
15 km,8.21,120
15 km,9.5,120
15 km,18.16,180
15 km,5.1,120
15 km,12.86,180
15 km,11.57,180
15 km,12.71,180
15 km,8.48,120
15 km,17.49,180
15 km,11.57,180
15 km,6.55,120
15 km,5.1,120
15 km,15.44,180
15 km,12.22,180
15 km,5.77,120
15 km,11.04,180
15 km,6.71,120
15 km,10.39,180
15 km,11.65,180
15 km,3.91,120
15 km,14.27,180
15 km,2.97,120
15 km,13.31,180
15 km,9.75,120
15 km,12.0,180
15 km,8.56,120
15 km,7.9,120
15 km,9.49,120
15 km,8.88,120
15 km,7.0,120
15 km,13.44,180
15 km,12.25,180
15 km,10.86,180
15 km,8.93,120
15 km,7.56,120
15 km,8.97,120
15 km,16.48,180
15 km,11.2,180
15 km,15.07,180
15 km,8.08,120
15 km,9.68,120
15 km,6.59,120
15 km,8.27,120
15 km,13.59,180
15 km,11.69,180
15 km,4.88,120
15 km,3.46,120
15 km,2.37,120
15 km,13.44,180
15 km,10.98,180
15 km,10.43,180
15 km,13.42,180
15 km,4.98,120
15 km,9.02,120
15 km,12.32,180
15 km,12.34,180
15 km,5.81,120
15 km,10.24,180
15 km,7.48,120
15 km,9.94,120
15 km,8.79,120
15 km,9.73,120
15 km,13.91,180
15 km,15.2,180
15 km,13.26,180
15 km,12.04,180
15 km,12.0,180
15 km,13.65,180
15 km,12.53,180
15 km,9.28,120
15 km,9.35,120
15 km,5.98,120
15 km,11.0,180
15 km,10.42,180
15 km,7.57,120
15 km,8.49,120
15 km,2.77,120
15 km,16.91,180
15 km,9.52,120
15 km,14.36,180
15 km,16.11,180
15 km,12.52,180
15 km,8.69,120
15 km,13.89,180
15 km,13.19,180
15 km,7.97,120
15 km,11.68,180
15 km,14.27,180
15 km,9.21,120
15 km,8.43,120
15 km,14.23,180
15 km,7.76,120
15 km,7.0,120
15 km,6.2,120
15 km,10.12,180
15 km,14.69,180
15 km,11.29,180
15 km,8.96,120
15 km,13.4,180
15 km,7.0,120
15 km,15.61,180
15 km,6.66,120
15 km,6.95,120
15 km,11.17,180
15 km,12.28,180
15 km,6.03,120
15 km,11.96,180
15 km,7.94,120
15 km,12.77,180
15 km,8.69,120
15 km,7.45,120
15 km,4.06,120
15 km,8.91,120
15 km,11.91,180
15 km,14.36,180
15 km,15.8,180
15 km,6.93,120
15 km,10.85,180
15 km,10.24,180
15 km,13.07,180
15 km,12.31,180
15 km,12.74,180
15 km,2.41,120
15 km,6.1,120
15 km,4.97,120
15 km,11.57,180
15 km,4.22,120
15 km,13.73,180
15 km,11.19,180
15 km,5.01,120
15 km,12.79,180
15 km,6.08,120
15 km,16.12,180
15 km,10.12,180
15 km,3.88,120
15 km,16.44,180
15 km,10.72,180
20 km,13.04,180
20 km,4.15,120
20 km,9.88,120
20 km,11.71,180
20 km,4.69,120
20 km,18.87,180
20 km,14.12,180
20 km,20.2,250
20 km,13.4,180
20 km,16.46,180
20 km,11.29,180
20 km,18.32,180
20 km,10.65,180
20 km,16.05,180
20 km,13.79,180
20 km,10.43,180
20 km,12.79,180
20 km,16.19,180
20 km,15.82,180
20 km,13.66,180
20 km,17.54,180
20 km,12.29,180
20 km,8.49,120
20 km,14.58,180
20 km,7.06,120
20 km,16.64,180
20 km,19.56,180
20 km,9.91,120
20 km,11.57,180
20 km,2.62,120
20 km,10.53,180
20 km,7.43,120
20 km,8.69,120
20 km,9.77,120
20 km,15.94,180
20 km,19.34,180
20 km,15.79,180
20 km,13.95,180
20 km,18.37,180
20 km,13.07,180
20 km,2.08,120
20 km,5.61,120
20 km,6.89,120
20 km,17.41,180
20 km,3.42,120
20 km,16.07,180
20 km,10.79,180
20 km,21.05,250
20 km,19.72,180
20 km,4.78,120
20 km,12.91,180
20 km,14.38,180
20 km,12.67,180
20 km,13.07,180
20 km,9.64,120
20 km,5.46,120
20 km,13.41,180
20 km,14.05,180
20 km,10.12,180
20 km,14.08,180
20 km,15.67,180
20 km,15.22,180
20 km,14.8,180
20 km,16.03,180
20 km,0.57,120
20 km,7.43,120
20 km,16.0,180
20 km,11.64,180
20 km,6.71,120
20 km,19.16,180
20 km,8.69,120
20 km,14.04,180
20 km,17.31,180
20 km,14.72,180
20 km,16.79,180
20 km,20.78,250
20 km,11.19,180
20 km,19.94,180
20 km,15.17,180
20 km,14.11,180
20 km,5.1,120
20 km,12.08,180
20 km,9.99,120
20 km,20.51,250
20 km,19.0,180
20 km,14.5,180
20 km,12.4,180
20 km,15.66,180
20 km,12.78,180
20 km,14.8,180
20 km,21.28,250
20 km,20.7,250
20 km,7.77,120
20 km,12.74,180
20 km,8.96,120
20 km,7.0,120
20 km,19.08,180
20 km,11.59,180
20 km,12.14,180
20 km,6.5,120
20 km,2.97,120
20 km,18.51,180
20 km,19.4,180
20 km,18.48,180
20 km,2.59,120
20 km,8.97,120
20 km,5.52,120
20 km,14.9,180
20 km,18.54,180
20 km,7.73,120
20 km,4.9,120
20 km,17.91,180
20 km,16.77,180
20 km,6.92,120
20 km,16.05,180
20 km,13.67,180
20 km,6.9,120
20 km,10.55,180
20 km,17.02,180
20 km,18.72,180
20 km,8.7,120
20 km,21.05,250
20 km,18.8,180
20 km,2.49,120
20 km,16.64,180
20 km,13.19,180
20 km,13.59,180
20 km,2.3,120
20 km,5.83,120
20 km,18.81,180
20 km,18.22,180
20 km,9.04,120
20 km,17.33,180
20 km,8.1,120
20 km,4.68,120
20 km,5.03,120
20 km,10.34,180
20 km,17.26,180
20 km,16.65,180
20 km,11.11,180
20 km,7.1,120
20 km,9.03,120
20 km,14.05,180
20 km,4.42,120
20 km,20.52,250
20 km,14.9,180
20 km,24.91,250
20 km,12.87,180
20 km,12.5,180
20 km,15.21,180
20 km,11.81,180
20 km,15.62,180
20 km,16.46,180
20 km,12.4,180
20 km,14.41,180
20 km,15.84,180
20 km,14.36,180
20 km,15.22,180
20 km,9.86,120
20 km,10.86,180
20 km,7.25,120
20 km,6.89,120
20 km,14.8,180
20 km,14.04,180
20 km,13.32,180
20 km,12.86,180
20 km,3.82,120
20 km,9.9,120
20 km,9.09,120
20 km,18.61,180
20 km,13.86,180
20 km,5.9,120
20 km,9.41,120
20 km,9.59,120
20 km,9.88,120
20 km,2.92,120
20 km,18.55,180
20 km,14.48,180
20 km,13.54,180
20 km,19.82,180
20 km,12.03,180
20 km,11.04,180
20 km,14.36,180
20 km,7.57,120
20 km,15.64,180
20 km,17.64,180
20 km,11.5,180
20 km,9.9,120
20 km,16.0,180
20 km,0.71,120
20 km,11.88,180
20 km,2.34,120
20 km,14.68,180
20 km,14.85,180
20 km,14.62,180
20 km,14.88,180
20 km,15.16,180
20 km,13.21,180
20 km,18.22,180
20 km,19.81,180
20 km,10.61,180
20 km,11.13,180
20 km,12.92,180
20 km,18.53,180
20 km,6.72,120
20 km,6.8,120
20 km,7.39,120
20 km,18.96,180
20 km,10.04,180
20 km,10.67,180
20 km,14.85,180
20 km,11.06,180
20 km,15.31,180
20 km,15.67,180
20 km,1.49,120
20 km,15.39,180
20 km,11.15,180
20 km,19.75,180
20 km,17.91,180
20 km,15.39,180
20 km,16.36,180
20 km,10.58,180
20 km,9.96,120
20 km,17.53,180
20 km,9.56,120
20 km,10.7,180
20 km,14.5,180
20 km,9.21,120
20 km,10.24,180
20 km,5.11,120
20 km,5.91,120
20 km,11.43,180
20 km,12.94,180
20 km,11.93,180
20 km,3.36,120
20 km,10.65,180
20 km,18.86,180
20 km,6.91,120
20 km,13.77,180
20 km,10.25,180
20 km,8.92,120
20 km,7.94,120
20 km,7.18,120
20 km,1.84,120
20 km,12.94,180
20 km,11.48,180
20 km,12.04,180
20 km,14.88,180
20 km,16.01,180
20 km,12.97,180
20 km,4.32,120
20 km,17.96,180
20 km,16.93,180
20 km,15.57,180
20 km,20.51,250
20 km,11.36,180
20 km,13.37,180
20 km,17.17,180
20 km,11.55,180
20 km,13.82,180
20 km,10.6,180
20 km,13.32,180
20 km,5.86,120
20 km,8.02,120
20 km,3.69,120
20 km,10.86,180
20 km,19.72,180
20 km,12.04,180
20 km,17.23,180
20 km,19.56,180
20 km,16.91,180
20 km,18.44,180
20 km,14.26,180
20 km,5.53,120
20 km,8.94,120
20 km,15.21,180
20 km,6.18,120
20 km,14.24,180
20 km,16.89,180
20 km,15.5,180
20 km,6.08,120
20 km,16.0,180
20 km,6.91,120
20 km,14.85,180
20 km,15.57,180
20 km,11.42,180
20 km,16.11,180
20 km,6.26,120
20 km,10.2,180
20 km,12.0,180
20 km,7.43,120
20 km,13.8,180
20 km,11.57,180
20 km,12.19,180
20 km,8.19,120
20 km,15.44,180
20 km,19.25,180
20 km,2.54,120
20 km,7.29,120
20 km,13.16,180
20 km,16.76,180
20 km,9.28,120
20 km,17.46,180
20 km,4.29,120
20 km,16.89,180
20 km,16.64,180
20 km,19.59,180
20 km,18.09,180
20 km,12.79,180
20 km,7.12,120
20 km,8.79,120
20 km,7.39,120
20 km,20.26,250
20 km,10.21,180
20 km,16.15,180
20 km,13.65,180
20 km,14.63,180
20 km,10.6,180
20 km,21.66,250
20 km,8.19,120
20 km,10.72,180
20 km,11.07,180
20 km,9.87,120
20 km,11.39,180
20 km,12.08,180
20 km,8.87,120
20 km,9.33,120
20 km,4.56,120
20 km,7.25,120
20 km,19.64,180
20 km,18.57,180
20 km,3.64,120
20 km,10.44,180
20 km,14.6,180
20 km,12.86,180
20 km,18.81,180
20 km,13.92,180
20 km,6.92,120
20 km,5.86,120
20 km,20.89,250
20 km,3.39,120
20 km,5.93,120
20 km,17.19,180
20 km,14.39,180
20 km,7.82,120
20 km,16.89,180
20 km,13.84,180
20 km,14.23,180
20 km,6.77,120
20 km,14.41,180
20 km,14.5,180
20 km,9.86,120
20 km,16.49,180
20 km,14.15,180
20 km,5.98,120
20 km,13.83,180
20 km,14.36,180
20 km,11.64,180
20 km,6.81,120
20 km,12.94,180
20 km,17.46,180
20 km,11.64,180
20 km,20.26,250
20 km,11.59,180
20 km,18.74,180
20 km,11.73,180
20 km,16.78,180
20 km,18.32,180
20 km,10.31,180
20 km,16.42,180
20 km,4.86,120
20 km,17.33,180
20 km,10.73,180
20 km,10.34,180
20 km,14.92,180
20 km,6.92,120
20 km,16.89,180
20 km,16.7,180
20 km,16.0,180
20 km,7.08,120
20 km,5.08,120
20 km,14.23,180
20 km,22.99,250
20 km,15.73,180
20 km,20.16,250
20 km,9.41,120
20 km,17.61,180
20 km,13.17,180
20 km,9.98,120
20 km,12.18,180
20 km,11.13,180
20 km,11.24,180
20 km,14.18,180
20 km,13.17,180
20 km,16.05,180
20 km,5.52,120
20 km,20.16,250
20 km,7.68,120
