lat,lon,distance_km,v_zone
49.44005675675676,18.283155876968564,49.584,False
49.44005675675676,18.304041907726422,50.287,False
49.44005675675676,18.324927938484283,49.059,False
49.44005675675676,18.34581396924214,47.546,False
49.44005675675676,18.3667,31.6,False
49.44005675675676,18.387586030757863,34.665,False
49.44005675675676,18.40847206151572,33.326,False
49.44005675675676,18.42935809227358,35.948,False
49.44005675675676,18.45024412303144,35.042,False
49.453570270270276,18.220497784694984,39.604,False
49.453570270270276,18.241383815452842,41.882,False
49.453570270270276,18.262269846210703,51.819,False
49.453570270270276,18.283155876968564,51.838,False
49.453570270270276,18.304041907726422,52.319,False
49.453570270270276,18.324927938484283,30.242,False
49.453570270270276,18.34581396924214,29.292,False
49.453570270270276,18.3667,30.264,False
49.453570270270276,18.387586030757863,32.561,False
49.453570270270276,18.40847206151572,30.999,False
49.453570270270276,18.42935809227358,30.52,False
49.453570270270276,18.45024412303144,32.052,False
49.453570270270276,18.4711301537893,32.283,False
49.453570270270276,18.49201618454716,33.414,False
49.453570270270276,18.51290221530502,36.3,False
49.467083783783785,18.178725723179266,35.573,False
49.467083783783785,18.199611753937123,38.604,False
49.467083783783785,18.220497784694984,44.167,False
49.467083783783785,18.241383815452842,42.938,False
49.467083783783785,18.262269846210703,53.504,False
49.467083783783785,18.283155876968564,54.09,False
49.467083783783785,18.304041907726422,32.747,False
49.467083783783785,18.324927938484283,28.381,False
49.467083783783785,18.34581396924214,27.85,False
49.467083783783785,18.3667,30.955,False
49.467083783783785,18.387586030757863,32.068,False
49.467083783783785,18.40847206151572,30.037,False
49.467083783783785,18.42935809227358,28.74,False
49.467083783783785,18.45024412303144,31.258,False
49.467083783783785,18.4711301537893,34.252,False
49.467083783783785,18.49201618454716,34.988,False
49.467083783783785,18.51290221530502,35.496,False
49.467083783783785,18.53378824606288,38.866,False
49.467083783783785,18.554674276820737,43.884,False
49.4805972972973,18.136953661663547,34.987,False
49.4805972972973,18.157839692421405,35.229,False
49.4805972972973,18.178725723179266,32.909,False
49.4805972972973,18.199611753937123,65.308,False
49.4805972972973,18.220497784694984,43.379,False
49.4805972972973,18.241383815452842,61.331,False
49.4805972972973,18.262269846210703,58.536,False
49.4805972972973,18.283155876968564,56.28,False
49.4805972972973,18.304041907726422,34.771,False
49.4805972972973,18.324927938484283,33.617,False
49.4805972972973,18.34581396924214,26.092,False
49.4805972972973,18.3667,30.253,False
49.4805972972973,18.387586030757863,31.601,False
49.4805972972973,18.40847206151572,28.267,False
49.4805972972973,18.42935809227358,27.241,False
49.4805972972973,18.45024412303144,33.643,False
49.4805972972973,18.4711301537893,36.181,False
49.4805972972973,18.49201618454716,37.237,False
49.4805972972973,18.51290221530502,36.721,False
49.4805972972973,18.53378824606288,38.897,False
49.4805972972973,18.554674276820737,40.228,False
49.4805972972973,18.5755603075786,46.0,False
49.4805972972973,18.596446338336456,48.674,False
49.49411081081082,18.116067630905686,38.135,False
49.49411081081082,18.136953661663547,36.813,False
49.49411081081082,18.157839692421405,33.178,False
49.49411081081082,18.178725723179266,30.243,False
49.49411081081082,18.199611753937123,64.48,False
49.49411081081082,18.220497784694984,63.273,False
49.49411081081082,18.241383815452842,32.69,False
49.49411081081082,18.262269846210703,33.739,False
49.49411081081082,18.283155876968564,57.468,False
49.49411081081082,18.304041907726422,30.396,False
49.49411081081082,18.324927938484283,29.189,False
49.49411081081082,18.34581396924214,26.759,False
49.49411081081082,18.3667,33.246,False
49.49411081081082,18.387586030757863,29.285,False
49.49411081081082,18.40847206151572,28.543,False
49.49411081081082,18.42935809227358,29.721,False
49.49411081081082,18.45024412303144,36.053,False
49.49411081081082,18.4711301537893,36.304,False
49.49411081081082,18.49201618454716,40.516,False
49.49411081081082,18.51290221530502,38.967,False
49.49411081081082,18.53378824606288,39.825,False
49.49411081081082,18.554674276820737,41.226,False
49.49411081081082,18.5755603075786,47.618,False
49.49411081081082,18.596446338336456,49.038,False
49.49411081081082,18.617332369094317,54.463,False
49.507624324324325,18.095181600147825,44.091,False
49.507624324324325,18.116067630905686,43.201,False
49.507624324324325,18.136953661663547,39.441,False
49.507624324324325,18.157839692421405,33.954,False
49.507624324324325,18.178725723179266,30.964,False
49.507624324324325,18.199611753937123,31.453,False
49.507624324324325,18.220497784694984,30.667,False
49.507624324324325,18.241383815452842,30.313,False
49.507624324324325,18.262269846210703,31.449,False
49.507624324324325,18.283155876968564,33.638,False
49.507624324324325,18.304041907726422,27.166,False
49.507624324324325,18.324927938484283,24.084,False
49.507624324324325,18.34581396924214,24.407,False
49.507624324324325,18.3667,25.36,False
49.507624324324325,18.387586030757863,30.667,False
49.507624324324325,18.40847206151572,23.012,False
49.507624324324325,18.42935809227358,27.714,False
49.507624324324325,18.45024412303144,26.576,False
49.507624324324325,18.4711301537893,28.495,False
49.507624324324325,18.49201618454716,30.458,False
49.507624324324325,18.51290221530502,33.546,False
49.507624324324325,18.53378824606288,30.02,False
49.507624324324325,18.554674276820737,29.281,False
49.507624324324325,18.5755603075786,43.605,False
49.507624324324325,18.596446338336456,45.217,False
49.507624324324325,18.617332369094317,51.75,False
49.507624324324325,18.638218399852178,52.131,False
49.52113783783784,18.074295569389967,46.179,False
49.52113783783784,18.095181600147825,45.526,False
49.52113783783784,18.116067630905686,36.68,False
49.52113783783784,18.136953661663547,35.146,False
49.52113783783784,18.157839692421405,31.994,False
49.52113783783784,18.178725723179266,27.51,False
49.52113783783784,18.199611753937123,26.808,False
49.52113783783784,18.220497784694984,29.6,False
49.52113783783784,18.241383815452842,27.866,False
49.52113783783784,18.262269846210703,25.109,False
49.52113783783784,18.283155876968564,23.373,False
49.52113783783784,18.304041907726422,23.535,False
49.52113783783784,18.324927938484283,21.266,False
49.52113783783784,18.34581396924214,22.252,False
49.52113783783784,18.3667,24.382,False
49.52113783783784,18.387586030757863,22.202,False
49.52113783783784,18.40847206151572,21.699,False
49.52113783783784,18.42935809227358,27.346,False
49.52113783783784,18.45024412303144,28.689,False
49.52113783783784,18.4711301537893,27.908,False
49.52113783783784,18.49201618454716,24.774,False
49.52113783783784,18.51290221530502,24.646,False
49.52113783783784,18.53378824606288,28.135,False
49.52113783783784,18.554674276820737,27.186,False
49.52113783783784,18.5755603075786,29.519,False
49.52113783783784,18.596446338336456,36.875,False
49.52113783783784,18.617332369094317,52.485,False
49.52113783783784,18.638218399852178,49.708,False
49.52113783783784,18.659104430610036,50.572,False
49.53465135135136,18.053409538632106,38.188,False
49.53465135135136,18.074295569389967,38.266,False
49.53465135135136,18.095181600147825,39.798,False
49.53465135135136,18.116067630905686,36.109,False
49.53465135135136,18.136953661663547,30.116,False
49.53465135135136,18.157839692421405,29.338,False
49.53465135135136,18.178725723179266,27.104,False
49.53465135135136,18.199611753937123,25.327,False
49.53465135135136,18.220497784694984,25.897,False
49.53465135135136,18.241383815452842,27.814,False
49.53465135135136,18.262269846210703,25.194,False
49.53465135135136,18.283155876968564,22.973,False
49.53465135135136,18.304041907726422,21.186,False
49.53465135135136,18.324927938484283,20.846,False
49.53465135135136,18.34581396924214,20.495,False
49.53465135135136,18.3667,19.981,True
49.53465135135136,18.387586030757863,20.033,False
49.53465135135136,18.40847206151572,22.705,False
49.53465135135136,18.42935809227358,24.054,False
49.53465135135136,18.45024412303144,29.034,False
49.53465135135136,18.4711301537893,26.72,False
49.53465135135136,18.49201618454716,23.655,False
49.53465135135136,18.51290221530502,24.827,False
49.53465135135136,18.53378824606288,27.334,False
49.53465135135136,18.554674276820737,36.72,False
49.53465135135136,18.5755603075786,35.912,False
49.53465135135136,18.596446338336456,35.635,False
49.53465135135136,18.617332369094317,50.662,False
49.53465135135136,18.638218399852178,48.123,False
49.53465135135136,18.659104430610036,47.053,False
49.53465135135136,18.679990461367897,48.071,False
49.548164864864866,18.053409538632106,36.273,False
49.548164864864866,18.074295569389967,37.682,False
49.548164864864866,18.095181600147825,33.301,False
49.548164864864866,18.116067630905686,31.661,False
49.548164864864866,18.136953661663547,28.706,False
49.548164864864866,18.157839692421405,27.003,False
49.548164864864866,18.178725723179266,28.583,False
49.548164864864866,18.199611753937123,26.69,False
49.548164864864866,18.220497784694984,23.88,False
49.548164864864866,18.241383815452842,25.552,False
49.548164864864866,18.262269846210703,24.29,False
49.548164864864866,18.283155876968564,23.707,False
49.548164864864866,18.304041907726422,22.832,False
49.548164864864866,18.324927938484283,19.393,True
49.548164864864866,18.34581396924214,18.188,True
49.548164864864866,18.3667,17.967,True
49.548164864864866,18.387586030757863,20.514,False
49.548164864864866,18.40847206151572,20.968,False
49.548164864864866,18.42935809227358,25.427,False
49.548164864864866,18.45024412303144,29.564,False
49.548164864864866,18.4711301537893,28.002,False
49.548164864864866,18.49201618454716,20.856,False
49.548164864864866,18.51290221530502,29.043,False
49.548164864864866,18.53378824606288,25.787,False
49.548164864864866,18.554674276820737,23.571,False
49.548164864864866,18.5755603075786,36.853,False
49.548164864864866,18.596446338336456,40.495,False
49.548164864864866,18.617332369094317,40.742,False
49.548164864864866,18.638218399852178,47.316,False
49.548164864864866,18.659104430610036,45.908,False
49.548164864864866,18.679990461367897,44.141,False
49.56167837837838,18.03252350787425,33.949,False
49.56167837837838,18.053409538632106,34.631,False
49.56167837837838,18.074295569389967,31.864,False
49.56167837837838,18.095181600147825,31.885,False
49.56167837837838,18.116067630905686,31.292,False
49.56167837837838,18.136953661663547,30.96,False
49.56167837837838,18.157839692421405,25.989,False
49.56167837837838,18.178725723179266,24.857,False
49.56167837837838,18.199611753937123,25.487,False
49.56167837837838,18.220497784694984,21.655,False
49.56167837837838,18.241383815452842,20.906,False
49.56167837837838,18.262269846210703,22.391,False
49.56167837837838,18.283155876968564,26.631,False
49.56167837837838,18.304041907726422,20.999,False
49.56167837837838,18.324927938484283,18.086,True
49.56167837837838,18.34581396924214,16.506,True
49.56167837837838,18.3667,16.211,True
49.56167837837838,18.387586030757863,18.179,True
49.56167837837838,18.40847206151572,23.503,False
49.56167837837838,18.42935809227358,18.032,True
49.56167837837838,18.45024412303144,23.603,False
49.56167837837838,18.4711301537893,19.307,True
49.56167837837838,18.49201618454716,20.548,False
49.56167837837838,18.51290221530502,30.874,False
49.56167837837838,18.53378824606288,25.017,False
49.56167837837838,18.554674276820737,22.325,False
49.56167837837838,18.5755603075786,24.387,False
49.56167837837838,18.596446338336456,54.122,False
49.56167837837838,18.617332369094317,26.418,False
49.56167837837838,18.638218399852178,47.895,False
49.56167837837838,18.659104430610036,48.775,False
49.56167837837838,18.679990461367897,48.66,False
49.56167837837838,18.700876492125754,42.277,False
49.5751918918919,18.03252350787425,32.648,False
49.5751918918919,18.053409538632106,33.512,False
49.5751918918919,18.074295569389967,31.582,False
49.5751918918919,18.095181600147825,29.815,False
49.5751918918919,18.116067630905686,29.501,False
49.5751918918919,18.136953661663547,29.16,False
49.5751918918919,18.157839692421405,25.529,False
49.5751918918919,18.178725723179266,23.647,False
49.5751918918919,18.199611753937123,22.482,False
49.5751918918919,18.220497784694984,20.87,False
49.5751918918919,18.241383815452842,18.763,True
49.5751918918919,18.262269846210703,17.882,True
49.5751918918919,18.283155876968564,19.659,True
49.5751918918919,18.304041907726422,18.645,True
49.5751918918919,18.324927938484283,16.299,True
49.5751918918919,18.34581396924214,17.518,True
49.5751918918919,18.3667,15.586,True
49.5751918918919,18.387586030757863,16.377,True
49.5751918918919,18.40847206151572,15.917,True
49.5751918918919,18.42935809227358,19.222,True
49.5751918918919,18.45024412303144,20.434,False
49.5751918918919,18.4711301537893,18.079,True
49.5751918918919,18.49201618454716,18.293,True
49.5751918918919,18.51290221530502,18.123,True
49.5751918918919,18.53378824606288,19.027,True
49.5751918918919,18.554674276820737,21.835,False
49.5751918918919,18.5755603075786,25.732,False
49.5751918918919,18.596446338336456,23.416,False
49.5751918918919,18.617332369094317,27.546,False
49.5751918918919,18.638218399852178,47.236,False
49.5751918918919,18.659104430610036,44.31,False
49.5751918918919,18.679990461367897,42.963,False
49.5751918918919,18.700876492125754,39.768,False
49.588705405405406,18.011637477116388,30.54,False
49.588705405405406,18.03252350787425,31.191,False
49.588705405405406,18.053409538632106,32.863,False
49.588705405405406,18.074295569389967,29.63,False
49.588705405405406,18.095181600147825,29.256,False
49.588705405405406,18.116067630905686,27.855,False
49.588705405405406,18.136953661663547,27.15,False
49.588705405405406,18.157839692421405,27.886,False
49.588705405405406,18.178725723179266,26.956,False
49.588705405405406,18.199611753937123,21.866,False
49.588705405405406,18.220497784694984,23.015,False
49.588705405405406,18.241383815452842,16.947,True
49.588705405405406,18.262269846210703,16.614,True
49.588705405405406,18.283155876968564,18.98,True
49.588705405405406,18.304041907726422,18.441,True
49.588705405405406,18.324927938484283,18.273,True
49.588705405405406,18.34581396924214,13.052,True
49.588705405405406,18.3667,14.158,True
49.588705405405406,18.387586030757863,13.601,True
49.588705405405406,18.40847206151572,14.761,True
49.588705405405406,18.42935809227358,16.39,True
49.588705405405406,18.45024412303144,19.5,True
49.588705405405406,18.4711301537893,17.108,True
49.588705405405406,18.49201618454716,17.425,True
49.588705405405406,18.51290221530502,20.961,False
49.588705405405406,18.53378824606288,17.685,True
49.588705405405406,18.554674276820737,20.839,False
49.588705405405406,18.5755603075786,25.583,False
49.588705405405406,18.596446338336456,23.737,False
49.588705405405406,18.617332369094317,38.387,False
49.588705405405406,18.638218399852178,38.561,False
49.588705405405406,18.659104430610036,44.851,False
49.588705405405406,18.679990461367897,37.139,False
49.588705405405406,18.700876492125754,41.166,False
49.588705405405406,18.721762522883616,39.199,False
49.60221891891892,18.011637477116388,28.876,False
49.60221891891892,18.03252350787425,28.88,False
49.60221891891892,18.053409538632106,30.966,False
49.60221891891892,18.074295569389967,27.611,False
49.60221891891892,18.095181600147825,26.104,False
49.60221891891892,18.116067630905686,24.567,False
49.60221891891892,18.136953661663547,25.322,False
49.60221891891892,18.157839692421405,26.525,False
49.60221891891892,18.178725723179266,25.481,False
49.60221891891892,18.199611753937123,19.529,True
49.60221891891892,18.220497784694984,19.839,True
49.60221891891892,18.241383815452842,15.779,True
49.60221891891892,18.262269846210703,15.124,True
49.60221891891892,18.283155876968564,18.142,True
49.60221891891892,18.304041907726422,16.231,True
49.60221891891892,18.324927938484283,15.092,True
49.60221891891892,18.34581396924214,12.593,True
49.60221891891892,18.3667,10.642,True
49.60221891891892,18.387586030757863,12.303,True
49.60221891891892,18.40847206151572,14.6,True
49.60221891891892,18.42935809227358,15.279,True
49.60221891891892,18.45024412303144,15.059,True
49.60221891891892,18.4711301537893,13.789,True
49.60221891891892,18.49201618454716,14.574,True
49.60221891891892,18.51290221530502,15.539,True
49.60221891891892,18.53378824606288,17.256,True
49.60221891891892,18.554674276820737,18.937,True
49.60221891891892,18.5755603075786,27.452,False
49.60221891891892,18.596446338336456,27.703,False
49.60221891891892,18.617332369094317,33.855,False
49.60221891891892,18.638218399852178,33.559,False
49.60221891891892,18.659104430610036,33.094,False
49.60221891891892,18.679990461367897,35.948,False
49.60221891891892,18.700876492125754,34.271,False
49.60221891891892,18.721762522883616,35.93,False
49.61573243243244,18.011637477116388,30.762,False
49.61573243243244,18.03252350787425,31.688,False
49.61573243243244,18.053409538632106,25.923,False
49.61573243243244,18.074295569389967,24.892,False
49.61573243243244,18.095181600147825,24.311,False
49.61573243243244,18.116067630905686,23.223,False
49.61573243243244,18.136953661663547,23.125,False
49.61573243243244,18.157839692421405,23.309,False
49.61573243243244,18.178725723179266,20.377,False
49.61573243243244,18.199611753937123,18.948,True
49.61573243243244,18.220497784694984,17.073,True
49.61573243243244,18.241383815452842,17.838,True
49.61573243243244,18.262269846210703,13.659,True
49.61573243243244,18.283155876968564,13.118,True
49.61573243243244,18.304041907726422,12.15,True
49.61573243243244,18.324927938484283,12.081,True
49.61573243243244,18.34581396924214,13.024,True
49.61573243243244,18.3667,9.143,True
49.61573243243244,18.387586030757863,10.088,True
49.61573243243244,18.40847206151572,11.107,True
49.61573243243244,18.42935809227358,13.031,True
49.61573243243244,18.45024412303144,12.619,True
49.61573243243244,18.4711301537893,12.502,True
49.61573243243244,18.49201618454716,12.967,True
49.61573243243244,18.51290221530502,19.573,True
49.61573243243244,18.53378824606288,22.449,False
49.61573243243244,18.554674276820737,23.908,False
49.61573243243244,18.5755603075786,25.827,False
49.61573243243244,18.596446338336456,27.043,False
49.61573243243244,18.617332369094317,37.551,False
49.61573243243244,18.638218399852178,31.423,False
49.61573243243244,18.659104430610036,32.116,False
49.61573243243244,18.679990461367897,33.394,False
49.61573243243244,18.700876492125754,33.292,False
49.61573243243244,18.721762522883616,31.808,False
49.62924594594595,17.99075144635853,32.33,False
49.62924594594595,18.011637477116388,34.198,False
49.62924594594595,18.03252350787425,33.585,False
49.62924594594595,18.053409538632106,25.631,False
49.62924594594595,18.074295569389967,24.178,False
49.62924594594595,18.095181600147825,23.123,False
49.62924594594595,18.116067630905686,24.687,False
49.62924594594595,18.136953661663547,21.873,False
49.62924594594595,18.157839692421405,19.581,True
49.62924594594595,18.178725723179266,18.83,True
49.62924594594595,18.199611753937123,17.363,True
49.62924594594595,18.220497784694984,15.781,True
49.62924594594595,18.241383815452842,16.217,True
49.62924594594595,18.262269846210703,14.423,True
49.62924594594595,18.283155876968564,12.866,True
49.62924594594595,18.304041907726422,9.873,True
49.62924594594595,18.324927938484283,9.423,True
49.62924594594595,18.34581396924214,8.534,True
49.62924594594595,18.3667,7.268,True
49.62924594594595,18.387586030757863,10.327,True
49.62924594594595,18.40847206151572,9.978,True
49.62924594594595,18.42935809227358,12.121,True
49.62924594594595,18.45024412303144,11.105,True
49.62924594594595,18.4711301537893,10.793,True
49.62924594594595,18.49201618454716,12.541,True
49.62924594594595,18.51290221530502,24.135,False
49.62924594594595,18.53378824606288,21.853,False
49.62924594594595,18.554674276820737,21.844,False
49.62924594594595,18.5755603075786,21.918,False
49.62924594594595,18.596446338336456,24.926,False
49.62924594594595,18.617332369094317,27.502,False
49.62924594594595,18.638218399852178,33.57,False
49.62924594594595,18.659104430610036,29.513,False
49.62924594594595,18.679990461367897,31.61,False
49.62924594594595,18.700876492125754,30.994,False
49.62924594594595,18.721762522883616,29.353,False
49.62924594594595,18.742648553641473,32.302,False
49.64275945945946,17.99075144635853,34.071,False
49.64275945945946,18.011637477116388,35.014,False
49.64275945945946,18.03252350787425,32.317,False
49.64275945945946,18.053409538632106,26.613,False
49.64275945945946,18.074295569389967,25.854,False
49.64275945945946,18.095181600147825,22.736,False
49.64275945945946,18.116067630905686,23.548,False
49.64275945945946,18.136953661663547,18.296,True
49.64275945945946,18.157839692421405,16.787,True
49.64275945945946,18.178725723179266,18.03,True
49.64275945945946,18.199611753937123,16.671,True
49.64275945945946,18.220497784694984,13.746,True
49.64275945945946,18.241383815452842,14.822,True
49.64275945945946,18.262269846210703,12.523,True
49.64275945945946,18.283155876968564,9.951,True
49.64275945945946,18.304041907726422,10.674,True
49.64275945945946,18.324927938484283,7.703,True
49.64275945945946,18.34581396924214,7.655,True
49.64275945945946,18.3667,5.726,True
49.64275945945946,18.387586030757863,6.753,True
49.64275945945946,18.40847206151572,8.4,True
49.64275945945946,18.42935809227358,8.706,True
49.64275945945946,18.45024412303144,8.695,True
49.64275945945946,18.4711301537893,10.631,True
49.64275945945946,18.49201618454716,13.291,True
49.64275945945946,18.51290221530502,19.21,True
49.64275945945946,18.53378824606288,19.026,True
49.64275945945946,18.554674276820737,20.32,False
49.64275945945946,18.5755603075786,20.314,False
49.64275945945946,18.596446338336456,25.892,False
49.64275945945946,18.617332369094317,25.309,False
49.64275945945946,18.638218399852178,28.865,False
49.64275945945946,18.659104430610036,27.916,False
49.64275945945946,18.679990461367897,29.568,False
49.64275945945946,18.700876492125754,29.078,False
49.64275945945946,18.721762522883616,31.377,False
49.64275945945946,18.742648553641473,32.511,False
49.65627297297298,17.99075144635853,35.743,False
49.65627297297298,18.011637477116388,32.683,False
49.65627297297298,18.03252350787425,30.689,False
49.65627297297298,18.053409538632106,30.163,False
49.65627297297298,18.074295569389967,25.454,False
49.65627297297298,18.095181600147825,24.906,False
49.65627297297298,18.116067630905686,21.196,False
49.65627297297298,18.136953661663547,19.601,True
49.65627297297298,18.157839692421405,18.318,True
49.65627297297298,18.178725723179266,16.589,True
49.65627297297298,18.199611753937123,15.273,True
49.65627297297298,18.220497784694984,12.697,True
49.65627297297298,18.241383815452842,10.299,True
49.65627297297298,18.262269846210703,8.775,True
49.65627297297298,18.283155876968564,8.3,True
49.65627297297298,18.304041907726422,7.02,True
49.65627297297298,18.324927938484283,6.03,True
49.65627297297298,18.34581396924214,5.797,True
49.65627297297298,18.3667,4.009,True
49.65627297297298,18.387586030757863,6.138,True
49.65627297297298,18.40847206151572,6.852,True
49.65627297297298,18.42935809227358,6.348,True
49.65627297297298,18.45024412303144,8.05,True
49.65627297297298,18.4711301537893,10.232,True
49.65627297297298,18.49201618454716,12.211,True
49.65627297297298,18.51290221530502,13.285,True
49.65627297297298,18.53378824606288,17.474,True
49.65627297297298,18.554674276820737,18.869,True
49.65627297297298,18.5755603075786,19.073,True
49.65627297297298,18.596446338336456,23.624,False
49.65627297297298,18.617332369094317,24.544,False
49.65627297297298,18.638218399852178,26.796,False
49.65627297297298,18.659104430610036,26.244,False
49.65627297297298,18.679990461367897,26.986,False
49.65627297297298,18.700876492125754,28.082,False
49.65627297297298,18.721762522883616,31.795,False
49.65627297297298,18.742648553641473,33.724,False
49.66978648648649,17.99075144635853,37.678,False
49.66978648648649,18.011637477116388,31.461,False
49.66978648648649,18.03252350787425,30.195,False
49.66978648648649,18.053409538632106,28.42,False
49.66978648648649,18.074295569389967,26.253,False
49.66978648648649,18.095181600147825,26.195,False
49.66978648648649,18.116067630905686,21.851,False
49.66978648648649,18.136953661663547,21.325,False
49.66978648648649,18.157839692421405,20.236,False
49.66978648648649,18.178725723179266,18.551,True
49.66978648648649,18.199611753937123,19.946,True
49.66978648648649,18.220497784694984,14.496,True
49.66978648648649,18.241383815452842,15.784,True
49.66978648648649,18.262269846210703,9.696,True
49.66978648648649,18.283155876968564,7.344,True
49.66978648648649,18.304041907726422,5.774,True
49.66978648648649,18.324927938484283,4.052,True
49.66978648648649,18.34581396924214,3.628,True
49.66978648648649,18.3667,2.606,True
49.66978648648649,18.387586030757863,2.65,True
49.66978648648649,18.40847206151572,3.946,True
49.66978648648649,18.42935809227358,5.376,True
49.66978648648649,18.45024412303144,17.959,True
49.66978648648649,18.4711301537893,16.343,True
49.66978648648649,18.49201618454716,10.804,True
49.66978648648649,18.51290221530502,16.938,True
49.66978648648649,18.53378824606288,15.648,True
49.66978648648649,18.554674276820737,17.29,True
49.66978648648649,18.5755603075786,17.286,True
49.66978648648649,18.596446338336456,22.136,False
49.66978648648649,18.617332369094317,21.784,False
49.66978648648649,18.638218399852178,23.035,False
49.66978648648649,18.659104430610036,25.676,False
49.66978648648649,18.679990461367897,27.329,False
49.66978648648649,18.700876492125754,29.418,False
49.66978648648649,18.721762522883616,30.326,False
49.66978648648649,18.742648553641473,32.279,False
49.6833,17.99075144635853,39.648,False
49.6833,18.011637477116388,36.396,False
49.6833,18.03252350787425,29.925,False
49.6833,18.053409538632106,29.331,False
49.6833,18.074295569389967,29.449,False
49.6833,18.095181600147825,37.957,False
49.6833,18.116067630905686,24.012,False
49.6833,18.136953661663547,25.917,False
49.6833,18.157839692421405,21.825,False
49.6833,18.178725723179266,19.665,True
49.6833,18.199611753937123,18.152,True
49.6833,18.220497784694984,16.701,True
49.6833,18.241383815452842,11.414,True
49.6833,18.262269846210703,10.022,True
49.6833,18.283155876968564,8.999,True
49.6833,18.304041907726422,8.267,True
49.6833,18.324927938484283,4.33,True
49.6833,18.34581396924214,2.244,True
49.6833,18.3667,2.764,True
49.6833,18.387586030757863,2.187,True
49.6833,18.40847206151572,4.237,True
49.6833,18.42935809227358,5.649,True
49.6833,18.45024412303144,7.859,True
49.6833,18.4711301537893,8.518,True
49.6833,18.49201618454716,10.114,True
49.6833,18.51290221530502,11.29,True
49.6833,18.53378824606288,13.579,True
49.6833,18.554674276820737,14.637,True
49.6833,18.5755603075786,16.882,True
49.6833,18.596446338336456,20.912,False
49.6833,18.617332369094317,20.924,False
49.6833,18.638218399852178,23.425,False
49.6833,18.659104430610036,27.891,False
49.6833,18.679990461367897,28.06,False
49.6833,18.700876492125754,29.916,False
49.6833,18.721762522883616,31.547,False
49.6833,18.742648553641473,33.918,False
49.69681351351352,17.99075144635853,37.538,False
49.69681351351352,18.011637477116388,34.641,False
49.69681351351352,18.03252350787425,37.441,False
49.69681351351352,18.053409538632106,29.92,False
49.69681351351352,18.074295569389967,28.062,False
49.69681351351352,18.095181600147825,29.983,False
49.69681351351352,18.116067630905686,26.127,False
49.69681351351352,18.136953661663547,25.648,False
49.69681351351352,18.157839692421405,22.054,False
49.69681351351352,18.178725723179266,21.427,False
49.69681351351352,18.199611753937123,22.025,False
49.69681351351352,18.220497784694984,18.613,True
49.69681351351352,18.241383815452842,18.286,True
49.69681351351352,18.262269846210703,10.16,True
49.69681351351352,18.283155876968564,8.614,True
49.69681351351352,18.304041907726422,6.559,True
49.69681351351352,18.324927938484283,4.985,True
49.69681351351352,18.34581396924214,3.836,True
49.69681351351352,18.3667,2.063,True
49.69681351351352,18.387586030757863,2.577,True
49.69681351351352,18.40847206151572,4.029,True
49.69681351351352,18.42935809227358,7.43,True
49.69681351351352,18.45024412303144,8.383,True
49.69681351351352,18.4711301537893,10.421,True
49.69681351351352,18.49201618454716,14.616,True
49.69681351351352,18.51290221530502,14.137,True
49.69681351351352,18.53378824606288,25.336,False
49.69681351351352,18.554674276820737,17.293,True
49.69681351351352,18.5755603075786,18.069,True
49.69681351351352,18.596446338336456,18.936,True
49.69681351351352,18.617332369094317,24.302,False
49.69681351351352,18.638218399852178,24.999,False
49.69681351351352,18.659104430610036,25.742,False
49.69681351351352,18.679990461367897,29.396,False
49.69681351351352,18.700876492125754,30.354,False
49.69681351351352,18.721762522883616,31.95,False
49.69681351351352,18.742648553641473,33.964,False
49.71032702702703,17.99075144635853,36.251,False
49.71032702702703,18.011637477116388,33.4,False
49.71032702702703,18.03252350787425,32.195,False
49.71032702702703,18.053409538632106,30.651,False
49.71032702702703,18.074295569389967,33.684,False
49.71032702702703,18.095181600147825,30.846,False
49.71032702702703,18.116067630905686,32.164,False
49.71032702702703,18.136953661663547,33.923,False
49.71032702702703,18.157839692421405,22.951,False
49.71032702702703,18.178725723179266,22.046,False
49.71032702702703,18.199611753937123,20.565,False
49.71032702702703,18.220497784694984,19.244,True
49.71032702702703,18.241383815452842,18.103,True
49.71032702702703,18.262269846210703,16.258,True
49.71032702702703,18.283155876968564,14.919,True
49.71032702702703,18.304041907726422,7.347,True
49.71032702702703,18.324927938484283,5.7,True
49.71032702702703,18.34581396924214,5.63,True
49.71032702702703,18.3667,3.563,True
49.71032702702703,18.387586030757863,4.967,True
49.71032702702703,18.40847206151572,7.235,True
49.71032702702703,18.42935809227358,9.224,True
49.71032702702703,18.45024412303144,10.463,True
49.71032702702703,18.4711301537893,12.177,True
49.71032702702703,18.49201618454716,17.266,True
49.71032702702703,18.51290221530502,17.968,True
49.71032702702703,18.53378824606288,16.515,True
49.71032702702703,18.554674276820737,19.141,True
49.71032702702703,18.5755603075786,20.511,False
49.71032702702703,18.596446338336456,25.362,False
49.71032702702703,18.617332369094317,23.722,False
49.71032702702703,18.638218399852178,23.466,False
49.71032702702703,18.659104430610036,27.805,False
49.71032702702703,18.679990461367897,30.847,False
49.71032702702703,18.700876492125754,30.173,False
49.71032702702703,18.721762522883616,32.368,False
49.71032702702703,18.742648553641473,37.329,False
49.72384054054054,17.99075144635853,37.43,False
49.72384054054054,18.011637477116388,34.111,False
49.72384054054054,18.03252350787425,32.694,False
49.72384054054054,18.053409538632106,32.819,False
49.72384054054054,18.074295569389967,33.255,False
49.72384054054054,18.095181600147825,35.396,False
49.72384054054054,18.116067630905686,37.083,False
49.72384054054054,18.136953661663547,30.13,False
49.72384054054054,18.157839692421405,28.878,False
49.72384054054054,18.178725723179266,20.463,False
49.72384054054054,18.199611753937123,19.947,True
49.72384054054054,18.220497784694984,17.649,True
49.72384054054054,18.241383815452842,16.621,True
49.72384054054054,18.262269846210703,13.994,True
49.72384054054054,18.283155876968564,12.542,True
49.72384054054054,18.304041907726422,9.328,True
49.72384054054054,18.324927938484283,7.493,True
49.72384054054054,18.34581396924214,6.78,True
49.72384054054054,18.3667,5.135,True
49.72384054054054,18.387586030757863,6.519,True
49.72384054054054,18.40847206151572,8.803,True
49.72384054054054,18.42935809227358,11.06,True
49.72384054054054,18.45024412303144,11.307,True
49.72384054054054,18.4711301537893,15.809,True
49.72384054054054,18.49201618454716,14.51,True
49.72384054054054,18.51290221530502,18.854,True
49.72384054054054,18.53378824606288,18.537,True
49.72384054054054,18.554674276820737,19.701,True
49.72384054054054,18.5755603075786,19.947,True
49.72384054054054,18.596446338336456,23.294,False
49.72384054054054,18.617332369094317,21.035,False
49.72384054054054,18.638218399852178,26.255,False
49.72384054054054,18.659104430610036,27.317,False
49.72384054054054,18.679990461367897,29.202,False
49.72384054054054,18.700876492125754,36.83,False
49.72384054054054,18.721762522883616,34.045,False
49.72384054054054,18.742648553641473,40.016,False
49.73735405405406,17.99075144635853,36.193,False
49.73735405405406,18.011637477116388,34.414,False
49.73735405405406,18.03252350787425,43.413,False
49.73735405405406,18.053409538632106,34.633,False
49.73735405405406,18.074295569389967,37.89,False
49.73735405405406,18.095181600147825,36.526,False
49.73735405405406,18.116067630905686,27.053,False
49.73735405405406,18.136953661663547,28.115,False
49.73735405405406,18.157839692421405,23.564,False
49.73735405405406,18.178725723179266,22.113,False
49.73735405405406,18.199611753937123,19.527,True
49.73735405405406,18.220497784694984,17.554,True
49.73735405405406,18.241383815452842,16.428,True
49.73735405405406,18.262269846210703,14.796,True
49.73735405405406,18.283155876968564,12.028,True
49.73735405405406,18.304041907726422,10.172,True
49.73735405405406,18.324927938484283,8.978,True
49.73735405405406,18.34581396924214,11.382,True
49.73735405405406,18.3667,6.834,True
49.73735405405406,18.387586030757863,8.01,True
49.73735405405406,18.40847206151572,9.187,True
49.73735405405406,18.42935809227358,10.32,True
49.73735405405406,18.45024412303144,13.483,True
49.73735405405406,18.4711301537893,15.452,True
49.73735405405406,18.49201618454716,17.433,True
49.73735405405406,18.51290221530502,20.057,False
49.73735405405406,18.53378824606288,21.933,False
49.73735405405406,18.554674276820737,20.92,False
49.73735405405406,18.5755603075786,25.935,False
49.73735405405406,18.596446338336456,25.216,False
49.73735405405406,18.617332369094317,22.645,False
49.73735405405406,18.638218399852178,26.118,False
49.73735405405406,18.659104430610036,26.875,False
49.73735405405406,18.679990461367897,34.194,False
49.73735405405406,18.700876492125754,35.07,False
49.73735405405406,18.721762522883616,36.482,False
49.73735405405406,18.742648553641473,38.571,False
49.75086756756757,18.011637477116388,36.748,False
49.75086756756757,18.03252350787425,36.653,False
49.75086756756757,18.053409538632106,38.298,False
49.75086756756757,18.074295569389967,39.576,False
49.75086756756757,18.095181600147825,39.831,False
49.75086756756757,18.116067630905686,28.176,False
49.75086756756757,18.136953661663547,27.315,False
49.75086756756757,18.157839692421405,25.442,False
49.75086756756757,18.178725723179266,26.771,False
49.75086756756757,18.199611753937123,19.868,True
49.75086756756757,18.220497784694984,19.132,True
49.75086756756757,18.241383815452842,16.805,True
49.75086756756757,18.262269846210703,15.156,True
49.75086756756757,18.283155876968564,15.204,True
49.75086756756757,18.304041907726422,10.307,True
49.75086756756757,18.324927938484283,10.367,True
49.75086756756757,18.34581396924214,13.577,True
49.75086756756757,18.3667,10.261,True
49.75086756756757,18.387586030757863,9.213,True
49.75086756756757,18.40847206151572,10.112,True
49.75086756756757,18.42935809227358,10.963,True
49.75086756756757,18.45024412303144,15.913,True
49.75086756756757,18.4711301537893,16.247,True
49.75086756756757,18.49201618454716,17.919,True
49.75086756756757,18.51290221530502,23.592,False
49.75086756756757,18.53378824606288,23.415,False
49.75086756756757,18.554674276820737,27.162,False
49.75086756756757,18.5755603075786,25.264,False
49.75086756756757,18.596446338336456,24.294,False
49.75086756756757,18.617332369094317,23.282,False
49.75086756756757,18.638218399852178,29.212,False
49.75086756756757,18.659104430610036,30.368,False
49.75086756756757,18.679990461367897,32.218,False
49.75086756756757,18.700876492125754,36.021,False
49.75086756756757,18.721762522883616,36.79,False
49.76438108108108,18.011637477116388,39.249,False
49.76438108108108,18.03252350787425,39.282,False
49.76438108108108,18.053409538632106,42.083,False
49.76438108108108,18.074295569389967,42.018,False
49.76438108108108,18.095181600147825,37.019,False
49.76438108108108,18.116067630905686,28.626,False
49.76438108108108,18.136953661663547,27.981,False
49.76438108108108,18.157839692421405,25.095,False
49.76438108108108,18.178725723179266,24.155,False
49.76438108108108,18.199611753937123,19.956,True
49.76438108108108,18.220497784694984,18.449,True
49.76438108108108,18.241383815452842,17.609,True
49.76438108108108,18.262269846210703,16.819,True
49.76438108108108,18.283155876968564,16.991,True
49.76438108108108,18.304041907726422,18.639,True
49.76438108108108,18.324927938484283,12.901,True
49.76438108108108,18.34581396924214,12.744,True
49.76438108108108,18.3667,11.072,True
49.76438108108108,18.387586030757863,10.412,True
49.76438108108108,18.40847206151572,12.18,True
49.76438108108108,18.42935809227358,12.863,True
49.76438108108108,18.45024412303144,14.248,True
49.76438108108108,18.4711301537893,17.089,True
49.76438108108108,18.49201618454716,19.834,True
49.76438108108108,18.51290221530502,24.572,False
49.76438108108108,18.53378824606288,28.937,False
49.76438108108108,18.554674276820737,27.876,False
49.76438108108108,18.5755603075786,28.59,False
49.76438108108108,18.596446338336456,27.183,False
49.76438108108108,18.617332369094317,27.416,False
49.76438108108108,18.638218399852178,27.565,False
49.76438108108108,18.659104430610036,31.881,False
49.76438108108108,18.679990461367897,31.078,False
49.76438108108108,18.700876492125754,31.671,False
49.76438108108108,18.721762522883616,35.24,False
49.7778945945946,18.011637477116388,40.186,False
49.7778945945946,18.03252350787425,40.296,False
49.7778945945946,18.053409538632106,33.513,False
49.7778945945946,18.074295569389967,31.789,False
49.7778945945946,18.095181600147825,35.688,False
49.7778945945946,18.116067630905686,28.519,False
49.7778945945946,18.136953661663547,27.115,False
49.7778945945946,18.157839692421405,24.663,False
49.7778945945946,18.178725723179266,22.725,False
49.7778945945946,18.199611753937123,21.89,False
49.7778945945946,18.220497784694984,20.315,False
49.7778945945946,18.241383815452842,20.857,False
49.7778945945946,18.262269846210703,20.911,False
49.7778945945946,18.283155876968564,17.547,True
49.7778945945946,18.304041907726422,13.632,True
49.7778945945946,18.324927938484283,14.574,True
49.7778945945946,18.34581396924214,14.258,True
49.7778945945946,18.3667,12.71,True
49.7778945945946,18.387586030757863,12.601,True
49.7778945945946,18.40847206151572,14.153,True
49.7778945945946,18.42935809227358,14.644,True
49.7778945945946,18.45024412303144,16.008,True
49.7778945945946,18.4711301537893,19.07,True
49.7778945945946,18.49201618454716,19.365,True
49.7778945945946,18.51290221530502,20.95,False
49.7778945945946,18.53378824606288,30.48,False
49.7778945945946,18.554674276820737,31.456,False
49.7778945945946,18.5755603075786,29.152,False
49.7778945945946,18.596446338336456,27.117,False
49.7778945945946,18.617332369094317,29.308,False
49.7778945945946,18.638218399852178,29.929,False
49.7778945945946,18.659104430610036,30.549,False
49.7778945945946,18.679990461367897,31.373,False
49.7778945945946,18.700876492125754,33.875,False
49.7778945945946,18.721762522883616,35.463,False
49.79140810810811,18.03252350787425,43.268,False
49.79140810810811,18.053409538632106,42.667,False
49.79140810810811,18.074295569389967,31.513,False
49.79140810810811,18.095181600147825,29.947,False
49.79140810810811,18.116067630905686,28.184,False
49.79140810810811,18.136953661663547,33.036,False
49.79140810810811,18.157839692421405,25.008,False
49.79140810810811,18.178725723179266,24.236,False
49.79140810810811,18.199611753937123,23.931,False
49.79140810810811,18.220497784694984,21.274,False
49.79140810810811,18.241383815452842,21.28,False
49.79140810810811,18.262269846210703,19.763,True
49.79140810810811,18.283155876968564,20.568,False
49.79140810810811,18.304041907726422,23.572,False
49.79140810810811,18.324927938484283,17.406,True
49.79140810810811,18.34581396924214,16.439,True
49.79140810810811,18.3667,14.346,True
49.79140810810811,18.387586030757863,14.062,True
49.79140810810811,18.40847206151572,15.05,True
49.79140810810811,18.42935809227358,16.525,True
49.79140810810811,18.45024412303144,18.512,True
49.79140810810811,18.4711301537893,18.016,True
49.79140810810811,18.49201618454716,21.889,False
49.79140810810811,18.51290221530502,24.074,False
49.79140810810811,18.53378824606288,23.32,False
49.79140810810811,18.554674276820737,25.36,False
49.79140810810811,18.5755603075786,29.804,False
49.79140810810811,18.596446338336456,31.072,False
49.79140810810811,18.617332369094317,31.353,False
49.79140810810811,18.638218399852178,31.012,False
49.79140810810811,18.659104430610036,32.753,False
49.79140810810811,18.679990461367897,32.508,False
49.79140810810811,18.700876492125754,35.289,False
49.804921621621624,18.03252350787425,45.256,False
49.804921621621624,18.053409538632106,44.311,False
49.804921621621624,18.074295569389967,33.004,False
49.804921621621624,18.095181600147825,39.855,False
49.804921621621624,18.116067630905686,34.663,False
49.804921621621624,18.136953661663547,32.767,False
49.804921621621624,18.157839692421405,31.956,False
49.804921621621624,18.178725723179266,29.039,False
49.804921621621624,18.199611753937123,27.088,False
49.804921621621624,18.220497784694984,28.849,False
49.804921621621624,18.241383815452842,22.181,False
49.804921621621624,18.262269846210703,21.084,False
49.804921621621624,18.283155876968564,20.36,False
49.804921621621624,18.304041907726422,22.215,False
49.804921621621624,18.324927938484283,23.478,False
49.804921621621624,18.34581396924214,16.394,True
49.804921621621624,18.3667,16.577,True
49.804921621621624,18.387586030757863,15.641,True
49.804921621621624,18.40847206151572,17.014,True
49.804921621621624,18.42935809227358,18.292,True
49.804921621621624,18.45024412303144,19.135,True
49.804921621621624,18.4711301537893,21.702,False
49.804921621621624,18.49201618454716,22.217,False
49.804921621621624,18.51290221530502,24.683,False
49.804921621621624,18.53378824606288,34.503,False
49.804921621621624,18.554674276820737,33.302,False
49.804921621621624,18.5755603075786,30.784,False
49.804921621621624,18.596446338336456,32.749,False
49.804921621621624,18.617332369094317,33.524,False
49.804921621621624,18.638218399852178,32.525,False
49.804921621621624,18.659104430610036,33.766,False
49.804921621621624,18.679990461367897,33.649,False
49.804921621621624,18.700876492125754,36.906,False
49.81843513513514,18.053409538632106,41.074,False
49.81843513513514,18.074295569389967,38.183,False
49.81843513513514,18.095181600147825,35.849,False
49.81843513513514,18.116067630905686,33.368,False
49.81843513513514,18.136953661663547,31.761,False
49.81843513513514,18.157839692421405,38.83,False
49.81843513513514,18.178725723179266,30.27,False
49.81843513513514,18.199611753937123,28.288,False
49.81843513513514,18.220497784694984,24.488,False
49.81843513513514,18.241383815452842,24.278,False
49.81843513513514,18.262269846210703,22.37,False
49.81843513513514,18.283155876968564,22.567,False
49.81843513513514,18.304041907726422,26.013,False
49.81843513513514,18.324927938484283,18.564,True
49.81843513513514,18.34581396924214,18.861,True
49.81843513513514,18.3667,17.089,True
49.81843513513514,18.387586030757863,18.762,True
49.81843513513514,18.40847206151572,18.316,True
49.81843513513514,18.42935809227358,21.221,False
49.81843513513514,18.45024412303144,21.471,False
49.81843513513514,18.4711301537893,24.479,False
49.81843513513514,18.49201618454716,23.071,False
49.81843513513514,18.51290221530502,24.626,False
49.81843513513514,18.53378824606288,38.301,False
49.81843513513514,18.554674276820737,36.926,False
49.81843513513514,18.5755603075786,31.94,False
49.81843513513514,18.596446338336456,34.856,False
49.81843513513514,18.617332369094317,35.375,False
49.81843513513514,18.638218399852178,33.79,False
49.81843513513514,18.659104430610036,34.448,False
49.81843513513514,18.679990461367897,36.183,False
49.83194864864865,18.053409538632106,46.788,False
49.83194864864865,18.074295569389967,38.011,False
49.83194864864865,18.095181600147825,35.081,False
49.83194864864865,18.116067630905686,33.594,False
49.83194864864865,18.136953661663547,32.129,False
49.83194864864865,18.157839692421405,31.777,False
49.83194864864865,18.178725723179266,28.198,False
49.83194864864865,18.199611753937123,27.764,False
49.83194864864865,18.220497784694984,29.053,False
49.83194864864865,18.241383815452842,24.524,False
49.83194864864865,18.262269846210703,22.942,False
49.83194864864865,18.283155876968564,22.751,False
49.83194864864865,18.304041907726422,26.203,False
49.83194864864865,18.324927938484283,20.152,False
49.83194864864865,18.34581396924214,20.232,False
49.83194864864865,18.3667,19.567,True
49.83194864864865,18.387586030757863,19.915,True
49.83194864864865,18.40847206151572,21.862,False
49.83194864864865,18.42935809227358,22.772,False
49.83194864864865,18.45024412303144,22.577,False
49.83194864864865,18.4711301537893,25.554,False
49.83194864864865,18.49201618454716,27.057,False
49.83194864864865,18.51290221530502,25.246,False
49.83194864864865,18.53378824606288,36.799,False
49.83194864864865,18.554674276820737,36.376,False
49.83194864864865,18.5755603075786,38.959,False
49.83194864864865,18.596446338336456,35.696,False
49.83194864864865,18.617332369094317,36.305,False
49.83194864864865,18.638218399852178,35.72,False
49.83194864864865,18.659104430610036,36.572,False
49.83194864864865,18.679990461367897,38.025,False
49.845462162162164,18.074295569389967,37.68,False
49.845462162162164,18.095181600147825,37.02,False
49.845462162162164,18.116067630905686,34.96,False
49.845462162162164,18.136953661663547,34.801,False
49.845462162162164,18.157839692421405,35.834,False
49.845462162162164,18.178725723179266,33.327,False
49.845462162162164,18.199611753937123,34.127,False
49.845462162162164,18.220497784694984,32.524,False
49.845462162162164,18.241383815452842,27.988,False
49.845462162162164,18.262269846210703,28.426,False
49.845462162162164,18.283155876968564,25.252,False
49.845462162162164,18.304041907726422,26.701,False
49.845462162162164,18.324927938484283,21.622,False
49.845462162162164,18.34581396924214,23.077,False
49.845462162162164,18.3667,23.037,False
49.845462162162164,18.387586030757863,23.645,False
49.845462162162164,18.40847206151572,22.133,False
49.845462162162164,18.42935809227358,23.084,False
49.845462162162164,18.45024412303144,24.381,False
49.845462162162164,18.4711301537893,27.643,False
49.845462162162164,18.49201618454716,28.222,False
49.845462162162164,18.51290221530502,39.831,False
49.845462162162164,18.53378824606288,36.547,False
49.845462162162164,18.554674276820737,35.532,False
49.845462162162164,18.5755603075786,36.956,False
49.845462162162164,18.596446338336456,38.541,False
49.845462162162164,18.617332369094317,38.764,False
49.845462162162164,18.638218399852178,40.286,False
49.845462162162164,18.659104430610036,38.72,False
49.85897567567568,18.095181600147825,41.176,False
49.85897567567568,18.116067630905686,42.183,False
49.85897567567568,18.136953661663547,37.002,False
49.85897567567568,18.157839692421405,36.342,False
49.85897567567568,18.178725723179266,34.859,False
49.85897567567568,18.199611753937123,36.145,False
49.85897567567568,18.220497784694984,31.544,False
49.85897567567568,18.241383815452842,28.331,False
49.85897567567568,18.262269846210703,27.256,False
49.85897567567568,18.283155876968564,27.221,False
49.85897567567568,18.304041907726422,28.204,False
49.85897567567568,18.324927938484283,29.817,False
49.85897567567568,18.34581396924214,31.944,False
49.85897567567568,18.3667,24.991,False
49.85897567567568,18.387586030757863,24.778,False
49.85897567567568,18.40847206151572,25.043,False
49.85897567567568,18.42935809227358,24.736,False
49.85897567567568,18.45024412303144,25.777,False
49.85897567567568,18.4711301537893,26.201,False
49.85897567567568,18.49201618454716,28.464,False
49.85897567567568,18.51290221530502,39.644,False
49.85897567567568,18.53378824606288,38.771,False
49.85897567567568,18.554674276820737,37.281,False
49.85897567567568,18.5755603075786,38.959,False
49.85897567567568,18.596446338336456,40.582,False
49.85897567567568,18.617332369094317,39.561,False
49.85897567567568,18.638218399852178,39.2,False
49.87248918918919,18.116067630905686,39.142,False
49.87248918918919,18.136953661663547,38.124,False
49.87248918918919,18.157839692421405,35.652,False
49.87248918918919,18.178725723179266,36.835,False
49.87248918918919,18.199611753937123,35.525,False
49.87248918918919,18.220497784694984,32.94,False
49.87248918918919,18.241383815452842,30.605,False
49.87248918918919,18.262269846210703,29.148,False
49.87248918918919,18.283155876968564,29.727,False
49.87248918918919,18.304041907726422,30.572,False
49.87248918918919,18.324927938484283,30.993,False
49.87248918918919,18.34581396924214,32.672,False
49.87248918918919,18.3667,26.763,False
49.87248918918919,18.387586030757863,27.208,False
49.87248918918919,18.40847206151572,26.574,False
49.87248918918919,18.42935809227358,26.393,False
49.87248918918919,18.45024412303144,27.675,False
49.87248918918919,18.4711301537893,28.978,False
49.87248918918919,18.49201618454716,28.984,False
49.87248918918919,18.51290221530502,40.26,False
49.87248918918919,18.53378824606288,40.553,False
49.87248918918919,18.554674276820737,39.007,False
49.87248918918919,18.5755603075786,39.62,False
49.87248918918919,18.596446338336456,42.926,False
49.87248918918919,18.617332369094317,40.455,False
49.886002702702704,18.136953661663547,39.611,False
49.886002702702704,18.157839692421405,38.65,False
49.886002702702704,18.178725723179266,36.981,False
49.886002702702704,18.199611753937123,36.71,False
49.886002702702704,18.220497784694984,32.555,False
49.886002702702704,18.241383815452842,30.81,False
49.886002702702704,18.262269846210703,31.747,False
49.886002702702704,18.283155876968564,31.532,False
49.886002702702704,18.304041907726422,40.836,False
49.886002702702704,18.324927938484283,32.648,False
49.886002702702704,18.34581396924214,40.306,False
49.886002702702704,18.3667,40.058,False
49.886002702702704,18.387586030757863,28.497,False
49.886002702702704,18.40847206151572,28.393,False
49.886002702702704,18.42935809227358,29.012,False
49.886002702702704,18.45024412303144,31.65,False
49.886002702702704,18.4711301537893,43.891,False
49.886002702702704,18.49201618454716,42.312,False
49.886002702702704,18.51290221530502,41.924,False
49.886002702702704,18.53378824606288,41.002,False
49.886002702702704,18.554674276820737,40.527,False
49.886002702702704,18.5755603075786,42.385,False
49.886002702702704,18.596446338336456,43.415,False
49.89951621621622,18.178725723179266,36.47,False
49.89951621621622,18.199611753937123,35.44,False
49.89951621621622,18.220497784694984,32.974,False
49.89951621621622,18.241383815452842,32.756,False
49.89951621621622,18.262269846210703,34.107,False
49.89951621621622,18.283155876968564,33.367,False
49.89951621621622,18.304041907726422,39.406,False
49.89951621621622,18.324927938484283,35.052,False
49.89951621621622,18.34581396924214,35.327,False
49.89951621621622,18.3667,40.521,False
49.89951621621622,18.387586030757863,40.991,False
49.89951621621622,18.40847206151572,42.537,False
49.89951621621622,18.42935809227358,31.279,False
49.89951621621622,18.45024412303144,30.65,False
49.89951621621622,18.4711301537893,45.519,False
49.89951621621622,18.49201618454716,44.291,False
49.89951621621622,18.51290221530502,44.091,False
49.89951621621622,18.53378824606288,42.789,False
49.89951621621622,18.554674276820737,42.924,False
49.91302972972973,18.220497784694984,35.729,False
49.91302972972973,18.241383815452842,34.652,False
49.91302972972973,18.262269846210703,35.124,False
49.91302972972973,18.283155876968564,34.318,False
49.91302972972973,18.304041907726422,35.263,False
49.91302972972973,18.324927938484283,36.595,False
49.91302972972973,18.34581396924214,36.554,False
49.91302972972973,18.3667,38.426,False
49.91302972972973,18.387586030757863,40.351,False
49.91302972972973,18.40847206151572,42.863,False
49.91302972972973,18.42935809227358,44.406,False
49.91302972972973,18.45024412303144,35.781,False
49.91302972972973,18.4711301537893,47.131,False
49.91302972972973,18.49201618454716,48.001,False
49.91302972972973,18.51290221530502,48.148,False
49.926543243243245,18.283155876968564,40.936,False
49.926543243243245,18.304041907726422,39.521,False
49.926543243243245,18.324927938484283,39.072,False
49.926543243243245,18.34581396924214,40.609,False
49.926543243243245,18.3667,40.529,False
49.926543243243245,18.387586030757863,39.915,False
49.926543243243245,18.40847206151572,42.849,False
49.926543243243245,18.42935809227358,45.904,False
49.926543243243245,18.45024412303144,47.057,False
